Workbook

Sheet Расчёт
B2: Сколько денег вы теряете на заявках без быстрого ответа
B3: Заполните жёлтые ячейки здесь и журнал на второй вкладке. Остальное посчитается само. Примеры значений замените на свои.
B4: Ваши данные
B5: Средний чек, ₽ | C5: 15000 | D5: Пример. Сумма средней продажи
B6: Быстрый ответ — это не дольше, минут | C6: 15 | D6: Порог, после которого клиент уходит к тем, кто ответил первым. Можно поменять
B7: Конверсия заявки в продажу | C7: 0.2 | D7: Пример. Из 100 заявок, на которые ответили вовремя, сколько покупают
B8: Какая часть «поздних» заявок теряется | C8: 0.5 | D8: Допущение: половина тех, кому ответили поздно, уже купила у других. Поменяйте по своему опыту
B10: Из журнала обращений
B11: Всего обращений | C11: =COUNTA('Журнал обращений'!C3:C202) -> 3 | D11: Считается по столбцу «Время обращения»
B12: Ответили быстро | C12: =COUNTIF('Журнал обращений'!F3:F202,"Быстро") -> 1
B13: Ответили поздно | C13: =COUNTIF('Журнал обращений'!F3:F202,"Поздно") -> 1
B14: Не ответили совсем | C14: =COUNTIF('Журнал обращений'!F3:F202,"Нет ответа") -> 1
B15: Доля обращений без быстрого ответа | C15: =IF(C11=0,0,(C13+C14)/C11) -> 0.66666667
B17: Потери
B18: Потерянных заявок за неделю | C18: =C14+C13*C8 -> 1.5 | D18: Без ответа + часть поздних
B19: Потерянных продаж за неделю | C19: =C18*C7 -> 0.3
B20: Потери за неделю, ₽ | C20: =C19*C5 -> 4500
B21: Потери за месяц, ₽ | C21: =C20*52/12 -> 19500 | D21: Неделя × 52 ÷ 12
B22: Потери за год, ₽ | C22: =C20*52 -> 234000
B24: Что дальше: напишите мне в директ @vyachbur — покажу, как закрыть эти потери автоответом, ботом или простой CRM.
B25: Примеры в таблице условные. Расчёт — ориентир, а не точный прогноз.

Sheet Журнал обращений
A1: Журнал обращений за неделю — вписывайте каждое обращение (жёлтые столбцы). Серые столбцы считаются сами.
A2: Дата | B2: Канал | C2: Время обращения | D2: Время ответа | E2: Минут до ответа | F2: Статус ответа | G2: Купил? (да/нет)
A3: 46307 | B3: Мессенджер | C3: 0.42013889 | D3: 0.425 | E3: =IF(OR(C3="",D3=""),"",ROUND(MOD(D3-C3,1)*1440,0)) -> 7 | F3: =IF(C3="","",IF(D3="","Нет ответа",IF(E3<=Расчёт!$C$6,"Быстро","Поздно"))) -> Быстро | G3: да
A4: 46307 | B4: Форма на сайте | C4: 0.90277778 | D4: 0.38541667 | E4: =IF(OR(C4="",D4=""),"",ROUND(MOD(D4-C4,1)*1440,0)) -> 695 | F4: =IF(C4="","",IF(D4="","Нет ответа",IF(E4<=Расчёт!$C$6,"Быстро","Поздно"))) -> Поздно | G4: нет
A5: 46308 | B5: Звонок | C5: 0.59722222 | E5: =IF(OR(C5="",D5=""),"",ROUND(MOD(D5-C5,1)*1440,0)) | F5: =IF(C5="","",IF(D5="","Нет ответа",IF(E5<=Расчёт!$C$6,"Быстро","Поздно"))) -> Нет ответа | G5: нет
E6: =IF(OR(C6="",D6=""),"",ROUND(MOD(D6-C6,1)*1440,0)) | F6: =IF(C6="","",IF(D6="","Нет ответа",IF(E6<=Расчёт!$C$6,"Быстро","Поздно")))
E7: =IF(OR(C7="",D7=""),"",ROUND(MOD(D7-C7,1)*1440,0)) | F7: =IF(C7="","",IF(D7="","Нет ответа",IF(E7<=Расчёт!$C$6,"Быстро","Поздно")))
E8: =IF(OR(C8="",D8=""),"",ROUND(MOD(D8-C8,1)*1440,0)) | F8: =IF(C8="","",IF(D8="","Нет ответа",IF(E8<=Расчёт!$C$6,"Быстро","Поздно")))
E9: =IF(OR(C9="",D9=""),"",ROUND(MOD(D9-C9,1)*1440,0)) | F9: =IF(C9="","",IF(D9="","Нет ответа",IF(E9<=Расчёт!$C$6,"Быстро","Поздно")))
E10: =IF(OR(C10="",D10=""),"",ROUND(MOD(D10-C10,1)*1440,0)) | F10: =IF(C10="","",IF(D10="","Нет ответа",IF(E10<=Расчёт!$C$6,"Быстро","Поздно")))
E11: =IF(OR(C11="",D11=""),"",ROUND(MOD(D11-C11,1)*1440,0)) | F11: =IF(C11="","",IF(D11="","Нет ответа",IF(E11<=Расчёт!$C$6,"Быстро","Поздно")))
E12: =IF(OR(C12="",D12=""),"",ROUND(MOD(D12-C12,1)*1440,0)) | F12: =IF(C12="","",IF(D12="","Нет ответа",IF(E12<=Расчёт!$C$6,"Быстро","Поздно")))
E13: =IF(OR(C13="",D13=""),"",ROUND(MOD(D13-C13,1)*1440,0)) | F13: =IF(C13="","",IF(D13="","Нет ответа",IF(E13<=Расчёт!$C$6,"Быстро","Поздно")))
E14: =IF(OR(C14="",D14=""),"",ROUND(MOD(D14-C14,1)*1440,0)) | F14: =IF(C14="","",IF(D14="","Нет ответа",IF(E14<=Расчёт!$C$6,"Быстро","Поздно")))
E15: =IF(OR(C15="",D15=""),"",ROUND(MOD(D15-C15,1)*1440,0)) | F15: =IF(C15="","",IF(D15="","Нет ответа",IF(E15<=Расчёт!$C$6,"Быстро","Поздно")))
E16: =IF(OR(C16="",D16=""),"",ROUND(MOD(D16-C16,1)*1440,0)) | F16: =IF(C16="","",IF(D16="","Нет ответа",IF(E16<=Расчёт!$C$6,"Быстро","Поздно")))
E17: =IF(OR(C17="",D17=""),"",ROUND(MOD(D17-C17,1)*1440,0)) | F17: =IF(C17="","",IF(D17="","Нет ответа",IF(E17<=Расчёт!$C$6,"Быстро","Поздно")))
... E202: =IF(OR(C202="",D202=""),"",ROUND(MOD(D202-C202,1)*1440,0)) | F202: =IF(C202="","",IF(D202="","Нет ответа",IF(E202<=Расчёт!$C$6,"Быстро","Поздно")))
